"ein","org_name","ntee_program","num_programs","is_501c3","day_of_week","date_mdy","date_dmy","month_abbr","month_ym","hour_ampm","event_ts","rule_year","age_years"
"190102000","Organization B 985","Human Services",6,TRUE,"THU","07-14-2016","14-07-16","JUL","2016-07","2:38am","2016-07-14 22:20:37 MST",1990,36
"824571392","Organization W 652","Environment",1,TRUE,"TUE","11-17-2015","17-11-15","NOV","2015-11","7:05pm","2015-11-17 03:39:53 MST",1999,27
"347204592","Organization H 831","Health",9,FALSE,"THU","03-22-2018","22-03-18","MAR","2018-03","5:51am","2018-03-22 01:05:41 MST",1986,40
"146739486","Organization T 342","Health",12,FALSE,"TUE","01-02-2018","02-01-18","JAN","2018-01","5:27am","2018-01-02 13:17:40 MST",1992,34
"389542352","Organization C 116","Human Services",4,TRUE,"TUE","06-05-2018","05-06-18","JUN","2018-06","8:07am","2018-06-05 00:04:24 MST",1976,50
"272638502","Organization Q 303","Health",7,TRUE,"THU","03-15-2018","15-03-18","MAR","2018-03","4:30pm","2018-03-15 08:19:55 MST",1998,28
"809474895","Organization O 82","Health",5,TRUE,"SUN","09-25-2016","25-09-16","SEP","2016-09","2:25am","2016-09-25 17:43:15 MST",2015,11
"802428411","Organization P 509","Human Services",3,TRUE,"WED","02-18-2015","18-02-15","FEB","2015-02","7:23pm","2015-02-18 10:06:58 MST",1961,65
"451358740","Organization A 935","Health",5,TRUE,"SUN","02-25-2018","25-02-18","FEB","2018-02","1:36pm","2018-02-25 16:55:35 MST",1998,28
"890378858","Organization C 231","Environment",6,TRUE,"SUN","08-19-2018","19-08-18","AUG","2018-08","10:57pm","2018-08-19 00:13:05 MST",1959,67
"514113287","Organization M 930","Education",5,TRUE,"SAT","01-24-2015","24-01-15","JAN","2015-01","3:18am","2015-01-24 10:05:07 MST",1985,41
"490050632","Organization L 236","Environment",7,TRUE,"TUE","12-22-2015","22-12-15","DEC","2015-12","8:19pm","2015-12-22 14:51:28 MST",1986,40
"418122444","Organization O 63","Education",2,FALSE,"SUN","06-14-2015","14-06-15","JUN","2015-06","3:10am","2015-06-14 01:15:12 MST",1972,54
"230318283","Organization U 51","Human Services",9,TRUE,"TUE","09-13-2016","13-09-16","SEP","2016-09","2:26pm","2016-09-13 11:25:38 MST",1993,33
"830035160","Organization F 83","Health",3,TRUE,"SUN","02-14-2016","14-02-16","FEB","2016-02","10:48pm","2016-02-14 13:52:09 MST",1967,59
"847180985","Organization Q 503","Human Services",5,TRUE,"SAT","06-17-2017","17-06-17","JUN","2017-06","12:06pm","2017-06-17 14:42:43 MST",2012,14
"863514918","Organization P 790","Environment",7,TRUE,"MON","08-13-2018","13-08-18","AUG","2018-08","3:55am","2018-08-13 00:02:44 MST",1984,42
"798705168","Organization C 174","Education",8,TRUE,"TUE","08-23-2016","23-08-16","AUG","2016-08","4:41pm","2016-08-23 02:08:58 MST",2008,18
"747190441","Organization G 975","Human Services",1,FALSE,"MON","07-30-2018","30-07-18","JUL","2018-07","6:43am","2018-07-30 21:11:33 MST",1956,70
"390701963","Organization U 606","Environment",3,FALSE,"THU","07-20-2017","20-07-17","JUL","2017-07","10:53pm","2017-07-20 17:54:00 MST",1982,44
"680107547","Organization B 844","Education",5,TRUE,"SAT","09-23-2017","23-09-17","SEP","2017-09","2:03am","2017-09-23 04:58:22 MST",1957,69
"894953021","Organization G 972","Health",2,TRUE,"MON","09-12-2016","12-09-16","SEP","2016-09","8:30pm","2016-09-12 04:34:58 MST",1987,39
"744947970","Organization N 265","Environment",7,TRUE,"SUN","05-20-2018","20-05-18","MAY","2018-05","1:51am","2018-05-20 07:03:25 MST",2001,25
"430193698","Organization Y 866","Environment",5,TRUE,"TUE","05-09-2017","09-05-17","MAY","2017-05","7:34pm","2017-05-09 09:33:41 MST",1983,43
"752146579","Organization M 661","Environment",12,TRUE,"WED","09-16-2015","16-09-15","SEP","2015-09","11:00pm","2015-09-16 09:02:42 MST",1974,52
"265060965","Organization H 566","Arts",1,TRUE,"THU","08-30-2018","30-08-18","AUG","2018-08","11:47pm","2018-08-30 03:01:44 MST",1997,29
"452918105","Organization R 537","Education",5,TRUE,"MON","04-25-2016","25-04-16","APR","2016-04","5:57am","2016-04-25 01:45:46 MST",1963,63
"106643114","Organization G 794","Arts",2,TRUE,"TUE","08-14-2018","14-08-18","AUG","2018-08","2:04am","2018-08-14 03:17:06 MST",2008,18
"238448425","Organization L 887","Education",3,TRUE,"SAT","01-24-2015","24-01-15","JAN","2015-01","5:50pm","2015-01-24 01:18:30 MST",1964,62
"288320957","Organization W 510","Human Services",10,TRUE,"TUE","03-27-2018","27-03-18","MAR","2018-03","5:16am","2018-03-27 08:07:15 MST",1961,65
"462942476","Organization T 241","Environment",2,TRUE,"MON","10-26-2015","26-10-15","OCT","2015-10","10:42pm","2015-10-26 01:24:17 MST",2005,21
"356173496","Organization J 257","Health",10,TRUE,"WED","02-10-2016","10-02-16","FEB","2016-02","1:00am","2016-02-10 15:59:14 MST",1982,44
"467645487","Organization X 207","Human Services",5,TRUE,"TUE","11-10-2015","10-11-15","NOV","2015-11","12:23pm","2015-11-10 22:44:20 MST",1972,54
"419641050","Organization Z 409","Health",8,TRUE,"WED","08-08-2018","08-08-18","AUG","2018-08","2:32am","2018-08-08 18:16:58 MST",1979,47
"726659744","Organization S 902","Health",3,TRUE,"SAT","04-15-2017","15-04-17","APR","2017-04","11:17am","2017-04-15 23:15:32 MST",1998,28
"605402026","Organization T 261","Human Services",9,TRUE,"FRI","09-08-2017","08-09-17","SEP","2017-09","6:02am","2017-09-08 06:32:20 MST",1964,62
"826520032","Organization M 293","Environment",9,TRUE,"TUE","05-26-2015","26-05-15","MAY","2015-05","1:04am","2015-05-26 07:38:10 MST",1963,63
"426545154","Organization O 717","Environment",2,TRUE,"WED","10-03-2018","03-10-18","OCT","2018-10","2:38am","2018-10-03 04:48:57 MST",1973,53
"560762170","Organization R 471","Human Services",9,TRUE,"THU","07-16-2015","16-07-15","JUL","2015-07","7:05pm","2015-07-16 17:58:38 MST",1969,57
"875074582","Organization O 645","Human Services",5,TRUE,"FRI","08-14-2015","14-08-15","AUG","2015-08","2:15pm","2015-08-14 14:04:06 MST",2000,26
"187423277","Organization N 814","Education",10,FALSE,"WED","05-18-2016","18-05-16","MAY","2016-05","12:12am","2016-05-18 00:55:11 MST",2009,17
"328628805","Organization O 608","Arts",4,TRUE,"WED","10-10-2018","10-10-18","OCT","2018-10","3:32am","2018-10-10 19:57:03 MST",1957,69
"771466957","Organization J 572","Education",7,FALSE,"SUN","09-10-2017","10-09-17","SEP","2017-09","4:55am","2017-09-10 11:39:22 MST",1976,50
"432625927","Organization J 895","Education",4,TRUE,"TUE","12-27-2016","27-12-16","DEC","2016-12","10:50pm","2016-12-27 03:25:32 MST",2015,11
"838786211","Organization T 602","Health",7,TRUE,"WED","08-02-2017","02-08-17","AUG","2017-08","9:49am","2017-08-02 23:32:23 MST",1974,52
"752657699","Organization X 399","Human Services",9,TRUE,"FRI","06-22-2018","22-06-18","JUN","2018-06","8:09pm","2018-06-22 07:25:26 MST",1996,30
"495240761","Organization U 154","Health",8,TRUE,"MON","07-10-2017","10-07-17","JUL","2017-07","4:13am","2017-07-10 04:38:02 MST",1988,38
"318538268","Organization F 314","Education",3,TRUE,"SAT","09-17-2016","17-09-16","SEP","2016-09","12:41am","2016-09-17 12:33:01 MST",1977,49
"683984861","Organization F 453","Human Services",10,FALSE,"SAT","09-19-2015","19-09-15","SEP","2015-09","7:54am","2015-09-19 10:05:22 MST",1971,55
"398811322","Organization I 729","Human Services",5,FALSE,"MON","01-25-2016","25-01-16","JAN","2016-01","1:33am","2016-01-25 20:56:38 MST",1972,54
"193370094","Organization F 29","Environment",7,TRUE,"SUN","05-10-2015","10-05-15","MAY","2015-05","8:15am","2015-05-10 05:34:28 MST",1973,53
"406242617","Organization G 361","Environment",10,TRUE,"SAT","10-27-2018","27-10-18","OCT","2018-10","5:59am","2018-10-27 10:04:23 MST",2000,26
"221023954","Organization D 382","Environment",7,TRUE,"MON","10-23-2017","23-10-17","OCT","2017-10","8:40am","2017-10-23 23:16:14 MST",1971,55
"459484280","Organization Z 435","Environment",5,FALSE,"SAT","01-09-2016","09-01-16","JAN","2016-01","2:16am","2016-01-09 15:26:36 MST",1984,42
"170131034","Organization U 754","Human Services",7,TRUE,"THU","11-29-2018","29-11-18","NOV","2018-11","8:01pm","2018-11-29 06:16:27 MST",1964,62
"374452017","Organization A 916","Arts",5,FALSE,"WED","02-08-2017","08-02-17","FEB","2017-02","2:14am","2017-02-08 05:13:32 MST",1991,35
"670496793","Organization Z 551","Human Services",5,TRUE,"WED","10-11-2017","11-10-17","OCT","2017-10","5:22pm","2017-10-11 00:20:58 MST",1999,27
"712875229","Organization C 907","Arts",12,TRUE,"MON","11-28-2016","28-11-16","NOV","2016-11","10:26pm","2016-11-28 19:54:42 MST",2004,22
"105981903","Organization J 24","Education",9,TRUE,"TUE","10-11-2016","11-10-16","OCT","2016-10","12:39pm","2016-10-11 03:11:53 MST",2005,21
"563460566","Organization B 883","Environment",7,TRUE,"MON","02-09-2015","09-02-15","FEB","2015-02","3:02pm","2015-02-09 15:18:51 MST",2005,21
"162341357","Organization Y 76","Health",2,TRUE,"TUE","05-31-2016","31-05-16","MAY","2016-05","10:33pm","2016-05-31 01:40:25 MST",1964,62
"754726372","Organization D 545","Health",11,TRUE,"MON","02-02-2015","02-02-15","FEB","2015-02","2:48pm","2015-02-02 14:48:47 MST",2002,24
"603000267","Organization U 445","Education",9,TRUE,"WED","08-02-2017","02-08-17","AUG","2017-08","2:53pm","2017-08-02 07:30:39 MST",1988,38
"599451677","Organization H 105","Environment",2,TRUE,"MON","04-13-2015","13-04-15","APR","2015-04","2:02am","2015-04-13 13:21:31 MST",2012,14
"761968720","Organization B 373","Arts",9,TRUE,"TUE","06-05-2018","05-06-18","JUN","2018-06","1:42pm","2018-06-05 23:33:46 MST",1958,68
"621596132","Organization L 575","Education",8,TRUE,"SUN","04-19-2015","19-04-15","APR","2015-04","8:57pm","2015-04-19 10:36:22 MST",1979,47
"635137883","Organization L 881","Health",8,TRUE,"THU","09-28-2017","28-09-17","SEP","2017-09","3:36pm","2017-09-28 22:35:06 MST",1980,46
"874176000","Organization V 999","Environment",8,TRUE,"FRI","09-14-2018","14-09-18","SEP","2018-09","8:21pm","2018-09-14 05:21:58 MST",2015,11
"306856145","Organization P 242","Human Services",8,TRUE,"TUE","03-17-2015","17-03-15","MAR","2015-03","4:32pm","2015-03-17 14:50:45 MST",1993,33
"687080436","Organization L 36","Arts",7,TRUE,"WED","09-06-2017","06-09-17","SEP","2017-09","3:02pm","2017-09-06 17:56:26 MST",1987,39
"757647360","Organization O 536","Human Services",9,TRUE,"MON","01-02-2017","02-01-17","JAN","2017-01","2:13pm","2017-01-02 23:51:17 MST",2000,26
"568027434","Organization J 439","Health",4,TRUE,"FRI","01-16-2015","16-01-15","JAN","2015-01","5:37am","2015-01-16 17:17:50 MST",2006,20
"427937890","Organization S 556","Arts",7,TRUE,"FRI","10-12-2018","12-10-18","OCT","2018-10","4:15pm","2018-10-12 07:33:50 MST",1976,50
"378684926","Organization X 691","Arts",6,TRUE,"MON","06-25-2018","25-06-18","JUN","2018-06","3:09pm","2018-06-25 10:07:15 MST",2005,21
"779487703","Organization K 948","Human Services",6,TRUE,"MON","10-02-2017","02-10-17","OCT","2017-10","10:26am","2017-10-02 13:09:16 MST",1998,28
"216157505","Organization G 364","Environment",3,TRUE,"MON","09-10-2018","10-09-18","SEP","2018-09","11:07pm","2018-09-10 03:15:06 MST",1973,53
"839021738","Organization C 27","Health",7,FALSE,"THU","09-14-2017","14-09-17","SEP","2017-09","2:22pm","2017-09-14 02:48:36 MST",1960,66
"716914294","Organization V 522","Health",5,TRUE,"MON","03-23-2015","23-03-15","MAR","2015-03","8:53pm","2015-03-23 22:52:06 MST",1998,28
"328924821","Organization H 667","Human Services",8,FALSE,"SUN","07-02-2017","02-07-17","JUL","2017-07","8:08am","2017-07-02 09:17:19 MST",1979,47
"160743970","Organization Y 32","Health",6,TRUE,"SAT","11-21-2015","21-11-15","NOV","2015-11","10:34pm","2015-11-21 11:27:27 MST",1984,42
"101578358","Organization G 541","Education",4,TRUE,"MON","10-15-2018","15-10-18","OCT","2018-10","2:33pm","2018-10-15 20:10:19 MST",1996,30
"214182948","Organization J 722","Health",8,FALSE,"TUE","08-08-2017","08-08-17","AUG","2017-08","6:37pm","2017-08-08 08:48:35 MST",1993,33
"520128300","Organization S 727","Arts",7,TRUE,"FRI","10-23-2015","23-10-15","OCT","2015-10","4:33pm","2015-10-23 00:18:38 MST",2005,21
"502526638","Organization S 53","Environment",4,TRUE,"FRI","05-29-2015","29-05-15","MAY","2015-05","7:47am","2015-05-29 01:55:42 MST",1979,47
"165910231","Organization C 603","Human Services",5,TRUE,"FRI","09-22-2017","22-09-17","SEP","2017-09","1:29am","2017-09-22 02:05:04 MST",1956,70
"319305442","Organization W 7","Education",12,FALSE,"FRI","04-10-2015","10-04-15","APR","2015-04","12:24am","2015-04-10 14:56:46 MST",1992,34
"716249952","Organization A 202","Arts",6,TRUE,"MON","09-25-2017","25-09-17","SEP","2017-09","7:29pm","2017-09-25 06:47:09 MST",1963,63
"409080296","Organization T 123","Environment",5,TRUE,"SUN","10-25-2015","25-10-15","OCT","2015-10","4:08pm","2015-10-25 04:20:24 MST",2010,16
"400917528","Organization R 470","Human Services",4,TRUE,"SAT","02-06-2016","06-02-16","FEB","2016-02","3:36am","2016-02-06 20:29:05 MST",1965,61
"541495526","Organization C 835","Human Services",8,TRUE,"WED","04-01-2015","01-04-15","APR","2015-04","7:16pm","2015-04-01 15:59:51 MST",1960,66
"218171018","Organization B 46","Health",7,TRUE,"SUN","02-19-2017","19-02-17","FEB","2017-02","9:43pm","2017-02-19 07:03:21 MST",1985,41
"199304106","Organization P 841","Education",8,FALSE,"THU","04-19-2018","19-04-18","APR","2018-04","3:19am","2018-04-19 11:22:16 MST",1959,67
"553264076","Organization Z 689","Health",5,TRUE,"WED","12-13-2017","13-12-17","DEC","2017-12","5:35am","2017-12-13 11:35:44 MST",1968,58
"552639775","Organization G 497","Arts",4,TRUE,"SUN","04-30-2017","30-04-17","APR","2017-04","11:37am","2017-04-30 12:28:49 MST",1996,30
"548052219","Organization A 780","Human Services",1,FALSE,"THU","10-15-2015","15-10-15","OCT","2015-10","11:33pm","2015-10-15 15:47:10 MST",2001,25
"795518244","Organization C 484","Health",8,FALSE,"TUE","12-20-2016","20-12-16","DEC","2016-12","12:02am","2016-12-20 11:38:48 MST",1955,71
"468655002","Organization D 8","Human Services",12,TRUE,"SUN","03-01-2015","01-03-15","MAR","2015-03","1:49pm","2015-03-01 05:10:44 MST",1995,31
"454087849","Organization T 574","Education",1,TRUE,"WED","08-01-2018","01-08-18","AUG","2018-08","2:16am","2018-08-01 09:45:57 MST",1964,62
"461479171","Organization E 521","Environment",8,FALSE,"FRI","04-28-2017","28-04-17","APR","2017-04","4:23pm","2017-04-28 23:06:01 MST",2003,23
"730970310","Organization D 519","Arts",2,TRUE,"SAT","08-26-2017","26-08-17","AUG","2017-08","7:49pm","2017-08-26 12:10:27 MST",1966,60
"785661467","Organization F 192","Arts",5,FALSE,"TUE","01-12-2016","12-01-16","JAN","2016-01","1:10pm","2016-01-12 09:14:53 MST",1976,50
"207749362","Organization N 416","Education",6,TRUE,"THU","09-29-2016","29-09-16","SEP","2016-09","4:07pm","2016-09-29 18:37:08 MST",1955,71
"381848921","Organization N 525","Human Services",7,TRUE,"WED","03-02-2016","02-03-16","MAR","2016-03","3:38am","2016-03-02 02:35:32 MST",1997,29
"107326985","Organization G 894","Human Services",5,TRUE,"THU","03-17-2016","17-03-16","MAR","2016-03","1:52am","2016-03-17 21:14:07 MST",2011,15
"262067394","Organization B 950","Health",8,FALSE,"FRI","02-09-2018","09-02-18","FEB","2018-02","12:19pm","2018-02-09 12:32:41 MST",1958,68
"669870016","Organization X 993","Education",5,TRUE,"SAT","08-06-2016","06-08-16","AUG","2016-08","1:27pm","2016-08-06 15:25:10 MST",1957,69
"694223544","Organization P 395","Health",7,TRUE,"WED","08-01-2018","01-08-18","AUG","2018-08","4:53pm","2018-08-01 06:17:05 MST",2013,13
"347902126","Organization D 793","Arts",9,TRUE,"TUE","08-08-2017","08-08-17","AUG","2017-08","9:22pm","2017-08-08 17:29:32 MST",2007,19
"285101185","Organization Q 848","Human Services",9,FALSE,"SAT","03-10-2018","10-03-18","MAR","2018-03","2:55am","2018-03-10 03:57:48 MST",1992,34
"432679339","Organization N 739","Human Services",7,TRUE,"SAT","08-26-2017","26-08-17","AUG","2017-08","11:32am","2017-08-26 13:57:47 MST",2015,11
"571611601","Organization M 129","Human Services",8,FALSE,"SAT","11-07-2015","07-11-15","NOV","2015-11","10:59pm","2015-11-07 07:33:23 MST",2013,13
"302051477","Organization S 506","Education",9,TRUE,"FRI","06-30-2017","30-06-17","JUN","2017-06","9:55pm","2017-06-30 03:45:03 MST",1959,67
"244382250","Organization Y 911","Arts",5,TRUE,"MON","04-18-2016","18-04-16","APR","2016-04","5:18pm","2016-04-18 03:42:04 MST",1996,30
"823001064","Organization E 701","Human Services",3,TRUE,"TUE","03-21-2017","21-03-17","MAR","2017-03","8:15am","2017-03-21 21:55:35 MST",1974,52
"853009271","Organization G 238","Environment",3,TRUE,"WED","02-11-2015","11-02-15","FEB","2015-02","3:39pm","2015-02-11 04:55:08 MST",1988,38
"796174344","Organization K 527","Human Services",6,TRUE,"SUN","01-29-2017","29-01-17","JAN","2017-01","10:51pm","2017-01-29 20:26:32 MST",1977,49
"365121946","Organization I 125","Environment",10,TRUE,"THU","06-28-2018","28-06-18","JUN","2018-06","2:49pm","2018-06-28 11:40:57 MST",1990,36
"749244875","Organization U 857","Arts",5,TRUE,"SUN","01-25-2015","25-01-15","JAN","2015-01","7:52am","2015-01-25 14:20:16 MST",2011,15
"184781259","Organization K 617","Arts",4,TRUE,"SAT","12-03-2016","03-12-16","DEC","2016-12","4:09am","2016-12-03 22:01:09 MST",2011,15
"701860883","Organization L 345","Education",7,TRUE,"FRI","06-15-2018","15-06-18","JUN","2018-06","9:09pm","2018-06-15 17:30:08 MST",1974,52
"754283759","Organization V 947","Human Services",5,FALSE,"THU","06-09-2016","09-06-16","JUN","2016-06","11:18am","2016-06-09 03:37:16 MST",1963,63
"587990933","Organization D 286","Education",12,FALSE,"WED","09-14-2016","14-09-16","SEP","2016-09","12:53am","2016-09-14 11:03:00 MST",1981,45
"255423308","Organization B 607","Environment",9,TRUE,"SAT","09-19-2015","19-09-15","SEP","2015-09","10:12am","2015-09-19 21:43:00 MST",2000,26
"544913507","Organization V 643","Health",5,TRUE,"MON","07-31-2017","31-07-17","JUL","2017-07","11:22pm","2017-07-31 03:05:26 MST",2000,26
"218701792","Organization T 687","Arts",1,TRUE,"MON","10-26-2015","26-10-15","OCT","2015-10","1:43pm","2015-10-26 06:53:24 MST",1957,69
"308459933","Organization P 501","Environment",11,TRUE,"TUE","12-20-2016","20-12-16","DEC","2016-12","1:39am","2016-12-20 06:49:25 MST",1985,41
"502322797","Organization Q 711","Human Services",3,TRUE,"MON","01-04-2016","04-01-16","JAN","2016-01","4:52am","2016-01-04 11:00:16 MST",1972,54
"680992414","Organization R 912","Environment",5,TRUE,"THU","05-26-2016","26-05-16","MAY","2016-05","10:37am","2016-05-26 04:51:18 MST",1964,62
"890407450","Organization X 100","Human Services",7,TRUE,"FRI","01-27-2017","27-01-17","JAN","2017-01","5:53am","2017-01-27 11:53:55 MST",1987,39
"545138878","Organization B 977","Arts",9,TRUE,"WED","10-24-2018","24-10-18","OCT","2018-10","12:38am","2018-10-24 03:16:46 MST",1994,32
"118561463","Organization C 571","Education",6,FALSE,"MON","01-23-2017","23-01-17","JAN","2017-01","11:59pm","2017-01-23 13:50:24 MST",1974,52
"748763321","Organization U 446","Arts",7,TRUE,"THU","03-09-2017","09-03-17","MAR","2017-03","9:38pm","2017-03-09 13:03:04 MST",2007,19
"765550631","Organization I 68","Human Services",5,TRUE,"THU","05-11-2017","11-05-17","MAY","2017-05","3:36pm","2017-05-11 13:40:25 MST",1991,35
"484921290","Organization N 208","Education",1,TRUE,"FRI","06-01-2018","01-06-18","JUN","2018-06","5:00am","2018-06-01 11:42:47 MST",1960,66
"801603788","Organization N 351","Arts",8,TRUE,"SUN","02-12-2017","12-02-17","FEB","2017-02","5:50am","2017-02-12 01:44:14 MST",1983,43
"108277070","Organization B 64","Environment",6,FALSE,"TUE","05-22-2018","22-05-18","MAY","2018-05","2:55am","2018-05-22 05:10:20 MST",2000,26
"816472628","Organization T 804","Arts",10,TRUE,"WED","10-21-2015","21-10-15","OCT","2015-10","9:42pm","2015-10-21 08:20:01 MST",1958,68
"725749211","Organization A 604","Education",10,TRUE,"MON","08-29-2016","29-08-16","AUG","2016-08","3:33pm","2016-08-29 21:37:53 MST",1981,45
"891378643","Organization W 39","Education",6,FALSE,"THU","02-02-2017","02-02-17","FEB","2017-02","8:49am","2017-02-02 23:55:11 MST",1963,63
"611595341","Organization L 584","Arts",1,TRUE,"TUE","02-21-2017","21-02-17","FEB","2017-02","12:22am","2017-02-21 08:04:01 MST",1994,32
"238799777","Organization M 492","Arts",6,TRUE,"WED","06-29-2016","29-06-16","JUN","2016-06","2:41am","2016-06-29 03:50:38 MST",1977,49
"430714589","Organization Z 773","Arts",5,TRUE,"TUE","03-01-2016","01-03-16","MAR","2016-03","11:37pm","2016-03-01 03:07:10 MST",2002,24
"122903686","Organization E 789","Human Services",4,TRUE,"FRI","04-15-2016","15-04-16","APR","2016-04","8:52am","2016-04-15 04:36:54 MST",1980,46
"646120507","Organization A 412","Human Services",6,FALSE,"TUE","07-07-2015","07-07-15","JUL","2015-07","12:35pm","2015-07-07 23:37:59 MST",1966,60
"170897060","Organization H 718","Human Services",6,TRUE,"FRI","09-11-2015","11-09-15","SEP","2015-09","2:11am","2015-09-11 18:05:27 MST",1964,62
"276666270","Organization H 746","Health",7,TRUE,"FRI","09-25-2015","25-09-15","SEP","2015-09","6:52am","2015-09-25 03:35:31 MST",2000,26
"208077698","Organization W 287","Environment",5,TRUE,"SAT","10-01-2016","01-10-16","OCT","2016-10","10:05pm","2016-10-01 16:26:04 MST",2009,17
"856589727","Organization K 378","Environment",8,TRUE,"TUE","12-04-2018","04-12-18","DEC","2018-12","1:16pm","2018-12-04 08:15:50 MST",1997,29
"548548235","Organization C 879","Education",5,TRUE,"TUE","02-10-2015","10-02-15","FEB","2015-02","4:45pm","2015-02-10 15:17:20 MST",1977,49
"386058383","Organization N 493","Education",4,TRUE,"TUE","05-01-2018","01-05-18","MAY","2018-05","8:00pm","2018-05-01 00:25:44 MST",2008,18
"536482916","Organization U 692","Environment",7,TRUE,"MON","04-03-2017","03-04-17","APR","2017-04","8:58pm","2017-04-03 04:28:48 MST",2011,15
"396921095","Organization A 589","Environment",11,TRUE,"TUE","10-25-2016","25-10-16","OCT","2016-10","3:42pm","2016-10-25 20:18:45 MST",1981,45
"190223954","Organization W 901","Health",1,TRUE,"FRI","01-26-2018","26-01-18","JAN","2018-01","9:55pm","2018-01-26 09:16:51 MST",1988,38
"515962510","Organization I 685","Health",1,TRUE,"MON","06-20-2016","20-06-16","JUN","2016-06","10:19am","2016-06-20 22:28:03 MST",1970,56
"808902139","Organization G 117","Human Services",2,TRUE,"MON","12-14-2015","14-12-15","DEC","2015-12","6:25am","2015-12-14 22:46:11 MST",2000,26
"692236637","Organization A 954","Arts",8,TRUE,"FRI","04-17-2015","17-04-15","APR","2015-04","3:56pm","2015-04-17 04:42:37 MST",1979,47
"183720764","Organization W 294","Arts",10,TRUE,"FRI","11-13-2015","13-11-15","NOV","2015-11","1:59pm","2015-11-13 18:59:46 MST",1982,44
"362289216","Organization W 450","Human Services",4,TRUE,"FRI","11-03-2017","03-11-17","NOV","2017-11","4:18am","2017-11-03 04:01:14 MST",1969,57
"509509694","Organization C 78","Arts",12,TRUE,"THU","06-11-2015","11-06-15","JUN","2015-06","12:55pm","2015-06-11 17:11:09 MST",2003,23
"845668994","Organization A 657","Education",8,TRUE,"TUE","09-27-2016","27-09-16","SEP","2016-09","9:36pm","2016-09-27 17:01:09 MST",1992,34
"454431140","Organization N 155","Education",8,FALSE,"TUE","12-06-2016","06-12-16","DEC","2016-12","1:02am","2016-12-06 18:03:14 MST",1977,49
"444679877","Organization A 276","Health",6,TRUE,"SAT","06-24-2017","24-06-17","JUN","2017-06","11:44pm","2017-06-24 12:09:39 MST",2015,11
"503039181","Organization F 931","Environment",8,TRUE,"MON","03-06-2017","06-03-17","MAR","2017-03","6:18am","2017-03-06 15:21:00 MST",1973,53
"225031276","Organization L 719","Arts",8,FALSE,"WED","09-21-2016","21-09-16","SEP","2016-09","4:52am","2016-09-21 20:14:57 MST",1964,62
"250128438","Organization M 267","Environment",4,TRUE,"SUN","11-26-2017","26-11-17","NOV","2017-11","9:56am","2017-11-26 07:27:09 MST",1967,59
"722410273","Organization E 469","Human Services",4,TRUE,"WED","03-07-2018","07-03-18","MAR","2018-03","12:49pm","2018-03-07 18:31:31 MST",1992,34
"539411822","Organization D 223","Health",4,TRUE,"WED","10-24-2018","24-10-18","OCT","2018-10","8:19pm","2018-10-24 14:04:48 MST",1955,71
"724783042","Organization L 619","Human Services",3,TRUE,"THU","10-05-2017","05-10-17","OCT","2017-10","6:30pm","2017-10-05 06:12:01 MST",1965,61
"731435792","Organization D 431","Arts",6,TRUE,"SAT","02-11-2017","11-02-17","FEB","2017-02","12:13am","2017-02-11 15:57:11 MST",1999,27
"647558720","Organization W 262","Environment",11,TRUE,"THU","03-19-2015","19-03-15","MAR","2015-03","6:33pm","2015-03-19 11:28:18 MST",1980,46
"133339764","Organization M 859","Human Services",6,TRUE,"THU","06-09-2016","09-06-16","JUN","2016-06","1:32pm","2016-06-09 08:14:43 MST",2012,14
"778121665","Organization K 28","Environment",5,TRUE,"THU","01-25-2018","25-01-18","JAN","2018-01","11:53pm","2018-01-25 11:15:15 MST",1964,62
"298815217","Organization N 458","Health",7,TRUE,"WED","04-27-2016","27-04-16","APR","2016-04","11:21pm","2016-04-27 17:39:25 MST",2013,13
"792476645","Organization V 419","Environment",5,TRUE,"WED","07-01-2015","01-07-15","JUL","2015-07","9:45am","2015-07-01 14:45:53 MST",1999,27
"616234888","Organization R 430","Environment",10,TRUE,"SAT","02-24-2018","24-02-18","FEB","2018-02","2:06pm","2018-02-24 04:59:20 MST",1969,57
"401699706","Organization Y 899","Health",4,TRUE,"MON","09-18-2017","18-09-17","SEP","2017-09","11:46pm","2017-09-18 19:59:31 MST",1971,55
"116652886","Organization J 817","Education",7,TRUE,"THU","12-03-2015","03-12-15","DEC","2015-12","3:54pm","2015-12-03 09:21:24 MST",2001,25
"845938169","Organization B 587","Arts",4,TRUE,"WED","06-22-2016","22-06-16","JUN","2016-06","1:37pm","2016-06-22 02:22:07 MST",1962,64
"538265377","Organization U 745","Environment",3,TRUE,"WED","04-18-2018","18-04-18","APR","2018-04","11:43am","2018-04-18 12:14:40 MST",1990,36
"355425609","Organization H 596","Human Services",2,TRUE,"WED","05-17-2017","17-05-17","MAY","2017-05","1:51am","2017-05-17 17:22:33 MST",1960,66
"645117867","Organization G 851","Human Services",6,FALSE,"FRI","07-31-2015","31-07-15","JUL","2015-07","1:42am","2015-07-31 20:37:14 MST",1964,62
"266963676","Organization Q 877","Arts",3,TRUE,"MON","07-20-2015","20-07-15","JUL","2015-07","8:09am","2015-07-20 15:33:17 MST",2014,12
"434893387","Organization X 937","Health",7,TRUE,"SUN","11-25-2018","25-11-18","NOV","2018-11","11:29pm","2018-11-25 11:32:20 MST",1981,45
"795741206","Organization N 160","Education",7,TRUE,"TUE","03-03-2015","03-03-15","MAR","2015-03","2:48pm","2015-03-03 01:43:26 MST",1974,52
"308341468","Organization C 565","Health",11,TRUE,"MON","07-16-2018","16-07-18","JUL","2018-07","1:24pm","2018-07-16 15:26:01 MST",2010,16
"747666913","Organization B 252","Environment",6,FALSE,"TUE","11-06-2018","06-11-18","NOV","2018-11","7:09am","2018-11-06 11:04:53 MST",1979,47
"246984985","Organization V 72","Health",4,TRUE,"WED","02-21-2018","21-02-18","FEB","2018-02","6:29am","2018-02-21 01:32:48 MST",1978,48
"891718895","Organization W 955","Environment",12,TRUE,"FRI","12-22-2017","22-12-17","DEC","2017-12","2:26pm","2017-12-22 04:50:01 MST",1970,56
"849572041","Organization C 533","Health",9,TRUE,"THU","07-14-2016","14-07-16","JUL","2016-07","5:18pm","2016-07-14 05:38:32 MST",1998,28
"409243680","Organization C 713","Arts",7,TRUE,"TUE","07-26-2016","26-07-16","JUL","2016-07","1:41am","2016-07-26 14:05:42 MST",1970,56
"425897726","Organization R 852","Health",3,TRUE,"THU","06-23-2016","23-06-16","JUN","2016-06","9:08pm","2016-06-23 21:27:02 MST",2005,21
"254142108","Organization E 854","Environment",5,FALSE,"FRI","01-02-2015","02-01-15","JAN","2015-01","7:21am","2015-01-02 11:02:24 MST",1957,69
"736523314","Organization V 903","Health",11,TRUE,"TUE","11-01-2016","01-11-16","NOV","2016-11","2:26am","2016-11-01 02:05:55 MST",2010,16
"500332741","Organization Y 968","Education",4,TRUE,"SAT","02-24-2018","24-02-18","FEB","2018-02","12:07am","2018-02-24 08:23:12 MST",1986,40
"439262121","Organization S 2","Health",7,TRUE,"WED","05-16-2018","16-05-18","MAY","2018-05","4:18am","2018-05-16 11:51:25 MST",1975,51
"556046169","Organization R 952","Environment",7,TRUE,"THU","02-09-2017","09-02-17","FEB","2017-02","7:06am","2017-02-09 20:45:46 MST",1993,33
"851892986","Organization V 886","Arts",7,TRUE,"TUE","01-10-2017","10-01-17","JAN","2017-01","10:25am","2017-01-10 11:36:51 MST",1957,69
"440521601","Organization J 681","Human Services",7,TRUE,"SAT","09-26-2015","26-09-15","SEP","2015-09","3:54am","2015-09-26 08:27:05 MST",1964,62
"206271482","Organization P 472","Environment",5,TRUE,"WED","11-01-2017","01-11-17","NOV","2017-11","7:15pm","2017-11-01 08:42:25 MST",1975,51
"240603802","Organization Q 23","Arts",8,TRUE,"MON","12-05-2016","05-12-16","DEC","2016-12","5:07am","2016-12-05 22:33:01 MST",1996,30
"374807363","Organization N 807","Human Services",4,TRUE,"MON","10-31-2016","31-10-16","OCT","2016-10","8:22am","2016-10-31 21:32:29 MST",1961,65
"882751033","Organization U 934","Arts",8,TRUE,"SAT","03-19-2016","19-03-16","MAR","2016-03","6:20pm","2016-03-19 01:26:30 MST",1973,53
"484988673","Organization T 631","Education",6,FALSE,"MON","11-07-2016","07-11-16","NOV","2016-11","5:59am","2016-11-07 20:40:35 MST",1983,43
"807057810","Organization B 478","Health",8,TRUE,"SUN","05-06-2018","06-05-18","MAY","2018-05","5:15am","2018-05-06 11:56:33 MST",1999,27
"555701403","Organization C 330","Human Services",3,TRUE,"FRI","06-30-2017","30-06-17","JUN","2017-06","2:30pm","2017-06-30 01:16:17 MST",1996,30
"383372159","Organization V 444","Education",5,TRUE,"MON","10-30-2017","30-10-17","OCT","2017-10","9:52am","2017-10-30 17:15:51 MST",2009,17
"530125616","Organization Z 65","Health",9,TRUE,"THU","08-24-2017","24-08-17","AUG","2017-08","3:28am","2017-08-24 22:39:36 MST",2000,26
"410405211","Organization V 249","Education",10,TRUE,"MON","07-02-2018","02-07-18","JUL","2018-07","3:42pm","2018-07-02 15:31:34 MST",1978,48
"155704899","Organization Y 659","Human Services",7,TRUE,"WED","05-09-2018","09-05-18","MAY","2018-05","9:56pm","2018-05-09 13:07:57 MST",1983,43
"782217823","Organization O 266","Arts",5,FALSE,"SAT","04-29-2017","29-04-17","APR","2017-04","11:26pm","2017-04-29 10:27:59 MST",2010,16
"171951649","Organization N 616","Education",8,TRUE,"TUE","06-30-2015","30-06-15","JUN","2015-06","11:09am","2015-06-30 22:00:56 MST",1984,42
"683201811","Organization J 528","Education",7,FALSE,"FRI","01-20-2017","20-01-17","JAN","2017-01","7:19am","2017-01-20 04:24:47 MST",1997,29
"688464066","Organization Z 798","Health",10,TRUE,"TUE","07-31-2018","31-07-18","JUL","2018-07","10:17pm","2018-07-31 01:12:53 MST",1999,27
"216546033","Organization C 465","Education",12,TRUE,"THU","04-07-2016","07-04-16","APR","2016-04","1:15pm","2016-04-07 18:27:00 MST",1989,37
"239283278","Organization S 348","Education",7,TRUE,"SAT","08-27-2016","27-08-16","AUG","2016-08","2:07pm","2016-08-27 04:45:00 MST",1996,30
"113200319","Organization F 58","Health",10,FALSE,"WED","08-29-2018","29-08-18","AUG","2018-08","4:20am","2018-08-29 07:54:27 MST",2005,21
"897242177","Organization H 708","Human Services",8,TRUE,"WED","03-25-2015","25-03-15","MAR","2015-03","1:36am","2015-03-25 02:04:29 MST",1988,38
"123933062","Organization A 74","Environment",8,TRUE,"MON","09-11-2017","11-09-17","SEP","2017-09","10:22am","2017-09-11 20:07:57 MST",1993,33
"407211363","Organization D 847","Arts",8,TRUE,"FRI","04-08-2016","08-04-16","APR","2016-04","12:57pm","2016-04-08 16:22:07 MST",2006,20
"686807162","Organization A 962","Health",4,FALSE,"SUN","09-10-2017","10-09-17","SEP","2017-09","8:49pm","2017-09-10 21:39:20 MST",1975,51
"151775857","Organization M 371","Environment",7,TRUE,"THU","08-13-2015","13-08-15","AUG","2015-08","8:46pm","2015-08-13 20:24:56 MST",2007,19
"559854092","Organization B 776","Environment",4,FALSE,"TUE","01-30-2018","30-01-18","JAN","2018-01","6:01pm","2018-01-30 01:10:26 MST",1997,29
"844499217","Organization G 690","Human Services",8,TRUE,"SAT","06-20-2015","20-06-15","JUN","2015-06","6:54am","2015-06-20 10:00:45 MST",2012,14
"671525603","Organization O 697","Health",3,FALSE,"TUE","05-03-2016","03-05-16","MAY","2016-05","3:32pm","2016-05-03 17:27:56 MST",1997,29
"872515110","Organization T 400","Arts",10,FALSE,"MON","07-10-2017","10-07-17","JUL","2017-07","10:27pm","2017-07-10 11:57:01 MST",1980,46
"362539405","Organization E 464","Education",10,FALSE,"THU","11-24-2016","24-11-16","NOV","2016-11","1:30pm","2016-11-24 22:34:17 MST",1987,39
"705040684","Organization W 621","Human Services",10,FALSE,"THU","10-19-2017","19-10-17","OCT","2017-10","10:27pm","2017-10-19 00:21:35 MST",2007,19
"162534492","Organization E 627","Environment",7,TRUE,"SAT","12-15-2018","15-12-18","DEC","2018-12","7:41pm","2018-12-15 15:43:56 MST",1960,66
"853395056","Organization T 292","Health",4,TRUE,"TUE","05-15-2018","15-05-18","MAY","2018-05","9:53pm","2018-05-15 02:42:03 MST",2012,14
"366430783","Organization A 158","Health",5,TRUE,"SAT","01-13-2018","13-01-18","JAN","2018-01","8:08am","2018-01-13 18:14:06 MST",1977,49
"360337219","Organization L 341","Environment",5,TRUE,"TUE","06-02-2015","02-06-15","JUN","2015-06","2:32am","2015-06-02 10:34:37 MST",1996,30
"450698748","Organization N 388","Health",2,FALSE,"FRI","08-18-2017","18-08-17","AUG","2017-08","4:16am","2017-08-18 21:29:28 MST",1995,31
"628907678","Organization M 389","Arts",2,TRUE,"FRI","08-28-2015","28-08-15","AUG","2015-08","4:44pm","2015-08-28 13:40:56 MST",2014,12
"184346766","Organization D 396","Arts",10,TRUE,"WED","02-18-2015","18-02-15","FEB","2015-02","8:05am","2015-02-18 05:56:45 MST",1998,28
"832615445","Organization G 59","Human Services",4,TRUE,"THU","03-08-2018","08-03-18","MAR","2018-03","1:11am","2018-03-08 00:45:14 MST",2014,12
"195667274","Organization T 540","Health",8,TRUE,"FRI","06-05-2015","05-06-15","JUN","2015-06","10:18am","2015-06-05 04:32:37 MST",1999,27
"250924020","Organization M 269","Human Services",1,TRUE,"THU","10-01-2015","01-10-15","OCT","2015-10","5:32pm","2015-10-01 23:33:24 MST",1972,54
"226970795","Organization O 309","Education",10,TRUE,"SUN","06-03-2018","03-06-18","JUN","2018-06","1:10am","2018-06-03 19:21:15 MST",2001,25
"441298230","Organization R 118","Environment",5,TRUE,"TUE","01-31-2017","31-01-17","JAN","2017-01","1:27pm","2017-01-31 13:00:27 MST",1975,51
"868744706","Organization O 130","Environment",11,FALSE,"FRI","06-19-2015","19-06-15","JUN","2015-06","10:26am","2015-06-19 18:39:36 MST",1987,39
"572424550","Organization H 302","Education",1,TRUE,"MON","10-19-2015","19-10-15","OCT","2015-10","4:59am","2015-10-19 07:42:54 MST",1965,61
"668057306","Organization B 843","Education",1,TRUE,"THU","05-28-2015","28-05-15","MAY","2015-05","9:15am","2015-05-28 06:01:37 MST",1994,32
"831568321","Organization Y 959","Education",4,TRUE,"MON","12-19-2016","19-12-16","DEC","2016-12","6:13am","2016-12-19 11:46:06 MST",1999,27
"162697157","Organization E 639","Human Services",3,FALSE,"WED","07-08-2015","08-07-15","JUL","2015-07","3:50am","2015-07-08 11:17:51 MST",1968,58
"644471258","Organization O 75","Arts",10,TRUE,"SAT","02-10-2018","10-02-18","FEB","2018-02","9:52pm","2018-02-10 07:54:18 MST",1956,70
"735259627","Organization S 833","Environment",8,TRUE,"THU","11-16-2017","16-11-17","NOV","2017-11","8:22am","2017-11-16 05:05:20 MST",1992,34
"356165500","Organization N 94","Environment",5,TRUE,"SUN","08-28-2016","28-08-16","AUG","2016-08","12:36am","2016-08-28 06:14:16 MST",1999,27
"420769683","Organization R 319","Arts",4,TRUE,"THU","10-06-2016","06-10-16","OCT","2016-10","7:39am","2016-10-06 12:36:38 MST",1989,37
"132536339","Organization M 782","Human Services",6,TRUE,"SUN","01-14-2018","14-01-18","JAN","2018-01","9:52am","2018-01-14 09:22:26 MST",1982,44
"855095065","Organization R 949","Health",6,TRUE,"MON","09-07-2015","07-09-15","SEP","2015-09","8:18pm","2015-09-07 12:27:10 MST",1999,27
"246952063","Organization Z 152","Arts",7,FALSE,"THU","06-18-2015","18-06-15","JUN","2015-06","3:47pm","2015-06-18 17:00:47 MST",1970,56
"669088143","Organization E 405","Education",8,TRUE,"SUN","06-25-2017","25-06-17","JUN","2017-06","4:43pm","2017-06-25 02:09:58 MST",2005,21
"388998908","Organization N 504","Human Services",6,TRUE,"SUN","01-01-2017","01-01-17","JAN","2017-01","3:46am","2017-01-01 00:26:49 MST",1970,56
"652213331","Organization J 803","Environment",9,TRUE,"SUN","07-03-2016","03-07-16","JUL","2016-07","7:06am","2016-07-03 21:40:24 MST",1999,27
"570347127","Organization H 301","Education",11,TRUE,"WED","10-17-2018","17-10-18","OCT","2018-10","1:32am","2018-10-17 04:54:37 MST",1999,27
"760601158","Organization A 279","Arts",8,TRUE,"FRI","04-01-2016","01-04-16","APR","2016-04","12:23am","2016-04-01 12:00:07 MST",1962,64
"189671721","Organization S 561","Environment",10,TRUE,"FRI","07-07-2017","07-07-17","JUL","2017-07","8:14pm","2017-07-07 12:03:47 MST",2011,15
"753192587","Organization X 567","Arts",8,TRUE,"SAT","04-25-2015","25-04-15","APR","2015-04","5:07am","2015-04-25 02:33:47 MST",2015,11
"743467996","Organization Y 944","Health",9,TRUE,"SUN","01-01-2017","01-01-17","JAN","2017-01","6:05pm","2017-01-01 05:34:22 MST",2009,17
"828298647","Organization U 488","Education",4,FALSE,"MON","05-21-2018","21-05-18","MAY","2018-05","4:42am","2018-05-21 03:17:51 MST",1999,27
"706096653","Organization Y 49","Arts",7,TRUE,"WED","08-08-2018","08-08-18","AUG","2018-08","11:33am","2018-08-08 09:27:49 MST",1992,34
"650857196","Organization O 757","Environment",8,TRUE,"THU","12-20-2018","20-12-18","DEC","2018-12","8:32am","2018-12-20 15:48:18 MST",1992,34
"130282978","Organization K 969","Health",2,TRUE,"TUE","05-22-2018","22-05-18","MAY","2018-05","12:29pm","2018-05-22 17:40:54 MST",1962,64
"378399973","Organization F 20","Environment",12,TRUE,"MON","09-11-2017","11-09-17","SEP","2017-09","12:51am","2017-09-11 11:45:18 MST",2012,14
"777753895","Organization N 760","Health",5,FALSE,"SUN","03-13-2016","13-03-16","MAR","2016-03","12:36am","2016-03-13 08:14:20 MST",1985,41
"382235531","Organization T 215","Health",1,TRUE,"FRI","09-16-2016","16-09-16","SEP","2016-09","9:36am","2016-09-16 23:13:44 MST",1991,35
"113137014","Organization J 407","Environment",7,TRUE,"SAT","06-25-2016","25-06-16","JUN","2016-06","8:42pm","2016-06-25 07:03:26 MST",1977,49
"777002053","Organization W 199","Education",9,TRUE,"TUE","11-29-2016","29-11-16","NOV","2016-11","3:26am","2016-11-29 06:46:38 MST",1995,31
"697678888","Organization T 173","Arts",6,FALSE,"WED","07-05-2017","05-07-17","JUL","2017-07","3:26pm","2017-07-05 18:45:48 MST",1964,62
"373295597","Organization R 665","Arts",6,TRUE,"WED","08-23-2017","23-08-17","AUG","2017-08","10:48pm","2017-08-23 11:10:12 MST",2013,13
"347843392","Organization I 214","Environment",9,FALSE,"FRI","02-02-2018","02-02-18","FEB","2018-02","9:16pm","2018-02-02 17:45:19 MST",2014,12
"155760701","Organization Y 304","Health",6,FALSE,"THU","05-10-2018","10-05-18","MAY","2018-05","7:16am","2018-05-10 16:49:09 MST",2012,14
"483013511","Organization E 295","Health",4,FALSE,"SUN","03-29-2015","29-03-15","MAR","2015-03","11:54pm","2015-03-29 16:23:27 MST",1965,61
"290750534","Organization R 57","Arts",6,TRUE,"THU","10-25-2018","25-10-18","OCT","2018-10","7:25pm","2018-10-25 03:01:29 MST",1981,45
"281083112","Organization V 80","Health",10,TRUE,"TUE","01-26-2016","26-01-16","JAN","2016-01","12:29am","2016-01-26 16:56:39 MST",1977,49
"637833791","Organization C 755","Education",7,TRUE,"TUE","02-02-2016","02-02-16","FEB","2016-02","1:56pm","2016-02-02 00:27:39 MST",1987,39
"545183028","Organization Y 655","Education",8,TRUE,"FRI","09-25-2015","25-09-15","SEP","2015-09","4:56am","2015-09-25 09:59:36 MST",1976,50
"726934712","Organization A 605","Arts",13,TRUE,"WED","03-29-2017","29-03-17","MAR","2017-03","3:26pm","2017-03-29 23:14:44 MST",1969,57
"155493354","Organization V 513","Environment",5,TRUE,"SUN","02-18-2018","18-02-18","FEB","2018-02","11:18pm","2018-02-18 00:45:25 MST",1958,68
"359387097","Organization A 530","Arts",4,TRUE,"FRI","02-06-2015","06-02-15","FEB","2015-02","3:12pm","2015-02-06 01:48:49 MST",2014,12
"524962411","Organization I 958","Environment",10,TRUE,"TUE","12-06-2016","06-12-16","DEC","2016-12","2:17pm","2016-12-06 21:30:25 MST",1993,33
"480150137","Organization Z 505","Arts",2,TRUE,"FRI","06-12-2015","12-06-15","JUN","2015-06","6:09am","2015-06-12 10:59:02 MST",1997,29
"622905024","Organization T 197","Arts",11,FALSE,"WED","12-12-2018","12-12-18","DEC","2018-12","5:02pm","2018-12-12 02:31:25 MST",1964,62
"171814969","Organization G 799","Environment",4,TRUE,"SUN","02-15-2015","15-02-15","FEB","2015-02","9:48am","2015-02-15 16:03:00 MST",1962,64
"717242923","Organization K 820","Education",6,TRUE,"FRI","08-03-2018","03-08-18","AUG","2018-08","2:27am","2018-08-03 09:17:26 MST",1985,41
"346044801","Organization E 10","Environment",12,FALSE,"MON","05-08-2017","08-05-17","MAY","2017-05","1:20pm","2017-05-08 19:39:33 MST",1982,44
"743472194","Organization U 274","Arts",4,TRUE,"WED","05-17-2017","17-05-17","MAY","2017-05","4:09am","2017-05-17 15:35:22 MST",1989,37
"873272826","Organization W 385","Human Services",5,FALSE,"MON","01-11-2016","11-01-16","JAN","2016-01","2:32pm","2016-01-11 23:22:05 MST",1999,27
"181939816","Organization L 526","Education",1,TRUE,"FRI","03-31-2017","31-03-17","MAR","2017-03","5:10pm","2017-03-31 19:39:28 MST",1974,52
"897481779","Organization R 425","Arts",2,TRUE,"WED","10-07-2015","07-10-15","OCT","2015-10","3:12pm","2015-10-07 09:14:56 MST",2009,17
"454520901","Organization T 346","Education",3,TRUE,"SAT","07-22-2017","22-07-17","JUL","2017-07","10:45am","2017-07-22 07:16:32 MST",2010,16
"749688344","Organization Z 386","Environment",8,FALSE,"WED","01-25-2017","25-01-17","JAN","2017-01","8:44pm","2017-01-25 10:21:28 MST",2002,24
"651161796","Organization Q 436","Human Services",2,TRUE,"THU","09-07-2017","07-09-17","SEP","2017-09","9:06am","2017-09-07 22:25:24 MST",1962,64
"797994224","Organization R 829","Health",6,TRUE,"WED","11-28-2018","28-11-18","NOV","2018-11","7:39am","2018-11-28 00:58:51 MST",1986,40
"629988243","Organization A 735","Health",7,TRUE,"THU","12-15-2016","15-12-16","DEC","2016-12","11:35pm","2016-12-15 20:08:40 MST",1957,69
"545121034","Organization W 95","Arts",5,TRUE,"SAT","06-02-2018","02-06-18","JUN","2018-06","10:13am","2018-06-02 19:38:24 MST",1995,31
"422840412","Organization C 70","Education",8,TRUE,"SAT","11-03-2018","03-11-18","NOV","2018-11","7:04pm","2018-11-03 15:58:29 MST",2002,24
"200473631","Organization H 777","Health",7,FALSE,"SAT","07-25-2015","25-07-15","JUL","2015-07","10:56pm","2015-07-25 16:49:24 MST",1965,61
"518707208","Organization L 447","Health",6,FALSE,"WED","10-03-2018","03-10-18","OCT","2018-10","5:19am","2018-10-03 14:04:21 MST",1967,59
"207537802","Organization J 582","Environment",6,TRUE,"SAT","08-27-2016","27-08-16","AUG","2016-08","9:50pm","2016-08-27 11:16:38 MST",1993,33
